question_id,question,answer,evidence_full,human_faithfulness,human_answer_relevance,human_evidence_support,human_unsupported_claim,notes
GLG11-004,"According to the article, what did the study report about prescribing in relation to inappropriate led clinically improvements among older adults?",The study reported that many older people received at least one medication of questionable clinical benefit or potentially inappropriate medication during the last two weeks of life.,"What is already known about the topic? Polypharmacy and potentially inappropriate prescribing are prevalent in older people in general. Chronic medications are of limited benefit to older people with life-limiting illnesses at the end of life where the treatment goal shifts towards symptom control rather than disease cure. One potential solution to improve prescribing appropriateness among this vulnerable population is deprescribing, a supervised discontinuation of potentially inappropriate medicines. What this paper adds? This study shows that many older people received at least one medication of questionable clinical benefit or potentially inappropriate medication during the last two weeks of life. In the hospice setting, deprescribing was often reactive rather than proactive in routine clinical practice. Higher numbers of potentially inappropriate medications were identified when the two prescribing appropriateness tools were applied concurrently for the same patient than when each set of criteria was used separately. Implications for practice, theory or policy Routine adoption of deprescribing tools into clinical practice should guide treatment management decisions. Investigation of the practicality of concurrent application of two sets of prescribing appropriateness criteria in routine clinical practice is warranted in terms of time and resource. Implementation of a proactive deprescribing intervention could help in reducing inappropriate polypharmacy to a significant extent. There is an imperative need for deprescribing guidance, educational sessions, and training workshops which could assist clinicians to rationalise medicines use in this vulnerable population.
The explicit criteria that are widely used to address potentially inappropriate prescribing include the Beers Criteria [ 39 ], and the Screening Tool of Older Person’s Prescriptions/Screening Tool to Alert doctors to the Right Treatment (STOPP/START) Criteria [ 40 ], which were both updated in 2023. They are feasible to use in a busy environment and can be applied to any prescribed medication and large prescribing database, even if few clinical details are available. In relation to falls, the European Geriatric Medical Society published a Screening Tool of Older Persons Prescriptions in older adults with high fall risk (STOPPFall) [ 41 ], to support clinicians in the management of FRIDs and facilitate the deprescribing process, and is particularly useful to the community falls pharmacist in the setting we have described, and in healthcare settings where older people present with falls, in relation to optimising medicines in this patient group. The cause of falls is multifactorial in nature and a multidisciplinary approach to managing falls is recommended [ 3 , 5 , 13 , 42 ], thus further development of specialist pharmacist roles such as the community falls role which we have shown to be effective in improving the appropriateness of medicines, along with the use of existing tools by prescribers to address inappropriate prescribing is a potential solution to support medicines optimisation in this older population.
Older people are the main consumers of drugs due to the increasing incidence of chronic disease with advancing age. 39 Pharmacotherapy in the elderly requires knowledge of the age-dependent changes in pharmacokinetics and pharmacodynamics, as well as an assessment of comorbidity and concurrent drug therapy to reduce adverse effects. The factors predisposing to polypharmacy are poor health, multiple chronic diseases, multiple prescribing physicians, the patient’s expectations (e.g., in relation to therapeutic advances) and education, an increasing demand for health care, supplemental insurance, and reluctance to discontinue old medications. Polypharmacy increases the risk for inappropriate medications, 40 nonadherence to treatments, morbidity, mortality and adverse drug reactions. 37 Depending on the circumstances (e.g., why and how drugs are being administered), polypharmacy can be appropriate (potential benefits outweigh potential harms) or inappropriate (potential harms outweigh potential benefits). 35 Inappropriate prescribing in the elderly population is an emerging health issue and comprises the following: use of an inappropriate dose, formulation, duration and delivery of drugs; use of unnecessary drugs; omission of necessary medicines; and the risk of drug interactions and adverse drug events. 39 Errors in prescribing and in the omission of medicines are highly prevalent among medically stable older people in primary care as well. 41",1.0,1.0,1.0,0,
GLG11-005,"According to the article, what did the study report about deprescribing in relation to rationale development cofrail intervention among older adults?","The study reported that trust in health-care providers was the leading factor in older adults' statin deprescribing decisions, followed by medicine concerns.","What is already known about this subject Approximately one‐half of older adults take unnecessary or inappropriate medicine leading to functional decline, cognitive impairment, adverse drug events and increased health‐care costs. Understanding of the specific reasons older adults agree or hesitate to deprescribe can inform tailored deprescribing communication strategies. What this study adds The Patient Deprescribing Typology provides a framework for understanding what matters to older adults when they consider deprescribing. Trust in health‐care providers was the leading factor in older adults' statin deprescribing decisions (63.9%), followed by medicine concerns (40.7%), while patient‐specific factors and beliefs about continuation were less common.
What is already know about the topic? Polypharmacy and inappropriate medication use is common in people with life-limiting conditions, and is exacerbated by the addition of symptom management medication to a legacy of preventative treatments. While deprescribing can reduce the medication burden, it remains a complex and challenging intervention in people with life-limiting conditions. What this paper adds? A broad range of deprescribing outcomes are reported across clinical-, medication- and system-related impacts. Existing studies are mostly from the US and Australia with little representation from low-and middle-income countries. Deprescribing is generally safe, with most studies demonstrating no negative effects. However, careful monitoring is recommended to mitigate potential risk in minority of cases. Implication for practice, theory, or policy Careful monitoring is essential while implementing deprescribing interventions in individuals with life-limiting conditions. Further research is needed to strengthen the evidence base for deprescribing, particularly in relation to specific diseases and medication classes.
To address these gaps, this study utilised longitudinal data from the CLHLS, a nationally representative dataset, spanning 2008–2018. Leveraging multi‐wave data allowed us to capture dynamic changes in functional disability and living arrangements over a decade. Importantly, we analysed urban and rural populations separately to identify disparities and heterogeneity in aged care contexts. Specifically, this study addressed two research questions: (1) How are changes in ADL and IADL associated with living arrangement transitions among Chinese older adults? (2) To what extent do these associations differ between urban and rural populations? The findings aim to deepen understanding of the interplay between functional decline and living arrangements, and help provide empirical evidence to inform targeted, context‐sensitive, and equitable aged care policies in China.",1.0,1.0,1.0,0,
GLG11-008,"According to the article, how does polypharmacy relate to contribute safe effective economic in older adults?","Polypharmacy can contribute to a reduction in polypharmacy and potentially inappropriate medications (PIMs) by using a person-centred approach to safe and effective medicines use, including deprescribing.","A third of older people aged 65 and over take five or more regular medications, widely referred to as polypharmacy [ 1 ]. Polypharmacy can cause a significant but avoidable burden and source of harm for patients and places strain on healthcare systems [ 2 ]. Polypharmacy in older people is associated with increased potentially inappropriate medications (PIMs), which refers to whether a drug is safe or unsafe in terms of its pharmaceutical properties but also encompasses the assessment of older persons’ prescription medications in the context of their multiple co-morbidities, complex medication regimes, functional and cognitive status, treatment goals and life expectancy [ 3 ]. PIMs can increase risk of falls, cognitive impairment, functional decline, hospital admission and death [ 4 – 6 ] and these effects can be amplified in those living with frailty [ 7 ].
This scoping review highlights the importance of developing and using structured implementation frameworks and organizational change elements for polypharmacy management. To contribute to safe, effective and economic patient care more research is needed on the use of organisational-level implementation frameworks for polypharmacy management. A focus on local contexts and cultures should be considered to a greater extent to facilitate the development of implementation frameworks for organisation change. More research is required on the impact of implementation frameworks and organisation change theory in the polypharmacy management context.
Management of polypharmacy involves medicines optimisation commonly defined as ‘a person-centred approach to safe and effective medicines use, to ensure people obtain the best possible outcomes from their medicines’ [ 8 ]. A core part of medicines optimisation is deprescribing which involves tapering /dose reduction, stopping, or switching drugs with the goal of improving outcomes [ 9 ]. Research has shown that deprescribing is feasible and safe across a wide range of conditions, medications, settings and with the use of different deprescribing tools [ 10 – 16 ], and can lead to a reduction in polypharmacy and PIMs [ 17 , 18 ].",0.75,0.75,0.75,0,
GLG11-011,What risks are associated with adverse drug event among older adults?,"Older adults are at increased risk of delirium, general cognitive impairment, and Alzheimer’s disease and related disorders (ADRD) due to adverse drug events.","More than 6 million older adults annually experience disability, hospitalization, or death due to a medication-related adverse event [ 1 – 4 ]. Up to 30% of older Americans use at least one strong anticholinergic medication every year [ 5 , 6 ]. These medications are associated with increased risks of delirium, general cognitive impairment, and Alzheimer’s disease and related disorders (ADRD) [ 6 – 16 ], leading to higher morbidity, mortality, and healthcare costs [ 17 ].
The prevalence of polypharmacy among older Japanese adults is relatively high, 11 , 12 and the number of drugs prescribed tends to increase until people are aged over 90 years, despite the evidence that the use of multiple drugs after the age of 80 poses a higher risk of adverse drug events. 13 The Japanese healthcare system includes free access to healthcare facilities, which could lead to fragmentation of care without coordination (“polydoctoring”). 14 The prevalence of polypharmacy is exceptionally high among older adults who visit multiple healthcare providers. 15 The revised Japanese Geriatrics Society guidelines explicitly disclosed the risks associated with multidrug use and listed potentially inappropriate drugs. 16 The risks of concomitant use of multiple drugs have also been covered in mass media, and awareness of the problem of polypharmacy is now widespread. 17 Considering the impact of healthcare systems and cultures on medical practice, a narrative review outlining existing evidence with a focus on the Japanese context would help healthcare providers in Japan. This review summarizes the existing body of evidence regarding polypharmacy interventions to elicit useful intervention elements and potential disadvantages. We also describe the prospects for which intervention methods could be practical or what approaches are needed within the Japanese healthcare system.
The inclusion of international participants with multi-morbidity and polypharmacy adds to the generalisability of this study. This is particularly pertinent when analysing the potential adverse events of statins in this cohort. Older patients with multi-morbidity, defined as two or more concurrent chronic medical conditions are at increased risk of drug-drug interactions, adverse drug events and serious adverse drug events [ 26 , 27 ]. This study demonstrates no increase in adverse drug events or serious adverse drug events associated with stain use in this population. Polypharmacy, multi morbidity and dementia are associated with increased frequency of hospitalisation and prolonged hospital stays [ 28 , 29 ]. This study demonstrates no increase in unscheduled hospitalisations or unscheduled GP visits associated with the use of statins. Whilst we appreciate that GP and hospital visits are critical to the overall care of people with dementia avoidance of unscheduled care is desirable.",1.0,1.0,1.0,0,
GLG11-015,What factors may be associated with mild cognitive impairment in older adults?,The pooled global prevalence of mild cognitive impairment (MCI) among older adults living in nursing homes was 21.2%. Subgroup and meta-regression analyses revealed that the screening tools used were significantly associated with MCI prevalence. Studies using the Montreal Cognitive Assessment (49.8%) had a higher prevalence of MCI than those using other instruments.,"Mild cognitive impairment (MCI) is the early stage of cognitive impairment between the expected cognitive decline of normal aging and the more serious decline of dementia. This meta-analysis and systematic review explored the pooled global prevalence of MCI among older adults living in nursing homes and its relevant factors. The review protocol was registered in INPLASY (INPLASY202250098). PubMed, Web of Science, Embase, PsycINFO, and CINAHL databases were systematically searched from their respective inception dates to 8 January 2022. The inclusion criteria were made based on the PICOS acronym, as follows: Participants ( P ): Older adults living in nursing homes; Intervention ( I ): not applicable; Comparison ( C ): not applicable; Outcome ( O ): prevalence of MCI or the data can generate the prevalence of MCI according to study-defined criteria; Study design (S): cohort studies (only baseline data were extracted) and cross-sectional studies with accessible data published in a peer-reviewed journal. Studies involving mixed resources, reviews, systematic reviews, meta-analyses, case studies, and commentaries were excluded. Data analyses were performed using Stata Version 15.0. Random effects model was used to synthesize the overall prevalence of MCI. An 8-item instrument for epidemiological studies was used to assess the quality of included studies. A total of 53 articles were included involving 376,039 participants with a mean age ranging from 64.42 to 86.90 years from 17 countries. The pooled prevalence of MCI in older adults in nursing homes was 21.2% (95% CI: 18.7–23.6%). Subgroup and meta-regression analyses revealed that the screening tools used were significantly associated with MCI prevalence. Studies using the Montreal Cognitive Assessment (49.8%) had a higher prevalence of MCI than those using other instruments. No significant publication bias was found.
The purpose of our review is to summarize the evidence investigating the effects of continuing education on the development of cognitive impairment and Alzheimer’s-type dementia. Based on discussions with experts in the fields of neurocognitive disorder, aging, and continuing education, we designed the following five key questions that will guide our systematic review: In adults 45 years of age or older with normal cognition or merely subjective cognitive impairment, does continuing education lead to a reduction in the risk of mild cognitive impairment or Alzheimer’s-type dementia compared with no continuing education? (In case no evidence on continuing education is available): In adults 45 years of age or older with normal cognition or merely subjective cognitive impairment, do leisure activities lead to a reduction in the risk of mild cognitive impairment or Alzheimer’s-type dementia compared with no continuing education? Key question 2: What are the potential harms of continuing education? Key question 3: Do benefits and harms differ by subgroups based on age, sex/gender, race or ethnicities, level of education, or duration of intervention? Key question 4: What is the optimal age to start continuing education to prevent mild cognitive impairment or dementia?
Summary What does this research add to existing knowledge in gerontology? ○ This research points to a new factor that may have a positive association with falls in the older adult population: bowel incontinence. ○ Some new variables were negatively associated with falls, where their presence resulted in less likelihood of falling, such as the use of diuretics, impaired standing imbalance, impaired long‐term memory, reduced range of motion, gastrointestinal disease, osteoporosis, arthritis and cancer. What are the implications of this new knowledge for nursing care for and with older adults? ○ Nurses should be aware of the association of bowel incontinence with falls to ensure the risk of a fall is addressed for residents exhibiting this factor. ○ The findings confirm that falls in LTC are complex and lists of risk factors should not replace expert nursing assessment and knowledge of the resident. How could the findings be used to influence practice, education, research, and policy? ○ There is a need for future research to confirm these findings and to modify fall prevention programmes and assessment tools to reflect current risk factors in LTC settings. ○ The prevalence of falls in Ontario is above the provincial benchmark requiring comprehensive research, education, and fall prevention programs for LTC residents with ongoing evaluation.",1.0,1.0,1.0,0,
GLG11-017,"According to the article, what did the study report about impairment in relation to severity cognitive professional provided among older people?",The study reported that the professional care provided can improve the quality of life and alleviate the burden on family caregivers among older people with increased severity of cognitive impairment.,"Nursing homes are facilities for people who cannot be cared for at home but do not need to be in a hospital. They often provide a family-style environment with 24-h functional support and care for older people who need help with activities of daily living, have complex health care needs, and are more vulnerable [ 14 ]. Impaired cognitive function is one of the major contributing factors leading to the placement of older people in nursing homes [ 15 ]. For instance, a previous study found that mild to moderate cognitive impairment was associated with more than 7 times higher risk of nursing home admission and more than 5 times higher risk of death [ 16 ] than those without cognitive impairment. Nursing homes are a suitable choice to care for older people with increased severity of cognitive impairment as the professional care provided can improve their quality of life and alleviate the burden on family caregivers [ 17 ]. Epidemiological studies of MCI in those living in nursing homes provide a good basis to allocate sufficient health resources to provide early identification, prevention and timely treatment of MCI before it develops into dementia [ 18 ]. Studies that examined the prevalence of MCI among older adults living in nursing homes found mixed results ranging from 4.0% to 87.4% [ 18 – 20 ]. Further, most meta-analyses of the prevalence of MCI focused only on community-dwelling populations [ 10 , 21 – 23 ]. For example, a meta-analysis of the overall prevalence of MCI reported a prevalence of 17.3% in community-dwelling older people [ 24 ].
Our findings show a high correlation between CDR‐GS and CDR‐SB scoring with the total scores of BCSs and BFSs tools. The correlations from the AD group are consistent with those of the overall sample, except to PFAQ, demonstrating CDR's effectiveness in reflecting the severity of subjective and objective cognitive impairment. 43 At the expense of lower amplitude values, the CDR‐SB scores have the advantage of greater accuracy in identifying early stages of dementia, monitoring disease progression, and classifying dementia severity relative to the CDR‐GS. 6 , 45 However, in the MCI sample, CDR scores correlate less strongly with total scores on MoCA and RUDAS. This indicates that the effectiveness of CDR in reflecting the severity of cognitive impairment is relatively diminished in the MCI. 46 The low correlation between CDR and PFAQ in the MCI and AD groups is noteworthy, in contrast to previous studies. 47 A likely explanation could be related to the clinical judgment synthesized by the experienced clinician in comparison of the self‐reported complaints aspects of the PFAQ. The time clinicians have to conduct two interviews, so a trained clinician synthesizes all available information from the participant and the study partner to determine the domain box score. However, it is unclear to what extent and how each question affects the box score, and whether specific questions are better at diagnosing dementia status than others. Furthermore, there may be substantial variability of dementia severity within the same levels of a CDR‐GS. 48 , 49 In this sense, activities of daily living (ADL) correlation with the CDR‐SB was slightly lower across all time points, indicating a weak correlation between the CDR‐SB and informant‐reported outcomes of ADLs compared with cognitive performance‐based measures. 50 Therefore, conceptually, we consider the cognitive measures to be more aligned with the CDR‐SB.
A., et al. (2022) [ 61 ] USA Cluster RCT An educational brochure and a questionnaire on attitudes toward deprescribing were mailed to patients prior to a primary care visit, clinicians were notified about the mailing, and deprescribing tip sheets were distributed to clinicians at monthly clinic meetings 3012 patients aged 65 years or older with dementia or mild cognitive impairment who had 1 or more additional chronic medical conditions and were taking 5 or more long-term medications To examine the effectiveness of increasing patient and clinician awareness about the potential to deprescribe unnecessary or risky medications among patients with dementia or mild cognitive impairment Sheehan et al. O.C., (2022) [ 62 ] USA Qualitative interviews and surveys with stakeholders As above (Process evaluation for the study above) 15 patients, 7 caregivers, and 28 clinicians, participating in the above study To examine the effectiveness of increasing patient and clinician awareness about the potential to deprescribe unnecessary or risky medications among patients with dementia or mild cognitive impairment Trenaman S. C., et al. (2022) [ 63 ] Canada The evaluation included measures of medication appropriateness, patient satisfaction, and healthcare professional satisfaction Pharmacist-led deprescribing in collaborative primary care settings using the seven components of knowledge translation. Patient and stakeholder engagement shaped the deprescribing intervention. The seven essential components of knowledge translation include identification of a problem, adaptation of knowledge to local context, assessment of barriers to knowledge use, selection, tailoring, and implementation of an intervention, monitoring knowledge use, evaluation of outcomes, and sustaining knowledge use 13 patients, across the three sites.",1.0,1.0,1.0,0,
GLG11-018,"According to the article, what is the association between impairment and instance previous study found mild moderate cognitive impairment in older adults?","Previous studies found that decreased executive function, as assessed by the trail-making and Stroop tests, was associated with decreased walking speed and prolonged time on the timed “up and go” test in patients with mild or moderate Alzheimer’s disease.","Several observational studies have confirmed the association between frailty and cognitive decline or dementia. A five-year prospective study of 2305 individuals aged 70 years and older showed that frailty based on the CHS criteria, FI-CGA (Frailty Index-Comprehensive Geriatric Assessment, and clinical frailty scale were all risk factors for cognitive decline [ 29 ]. In a meta-analysis of seven studies, physical frailty based on the CHS criteria was associated with a 1.28-fold increased risk of Alzheimer’s disease and a 2.70-fold increased risk of vascular dementia than in robust individuals among older adults [ 30 ]. On the other hand, cognitive decline is also a risk factor for frailty. In a Korean cross-sectional study of 10,388 individuals with cognitive impairment assessed by the mini-mental state examination, male and female patients with cognitive impairment were 1.81 and 1.69 times more likely to have frailty, respectively [ 31 ]. At the one-year follow-up, patients with mild or moderate Alzheimer’s disease were more likely to develop frailty. In particular, decreased executive function, as assessed by the trail-making and Stroop tests, was shown to be associated with decreased walking speed and prolonged time on the timed “up and go” test [ 32 ].
Second, in the NSJE, reasons (including dementia) for why a participant was not able to complete a survey by themselves (i.e. when the proxy survey or missing was obtained) were recorded, and they partly covered the onset of cognitive impairment among non-responders. For the sake of robustness check, these reasons (hereafter referred to as ‘dementia’: n = 52) were included as the case ascertainment of cognitive impairment in cooperation with ‘mild decline’. Furthermore, we performed additional analyses using a different cut-off point for cognitive impairment—five or more incorrect answers out of nine questions (moderate cognitive impairment) [ 47 ]. Additional file 1 shows the results of analyses regarding cognitive impairment using three different outcomes: moderate decline, mild decline with dementia, and moderate decline with dementia. For all three outcomes, endowments mattered to women’s higher risk of cognitive impairment, and educational differences between men and women consistently contributed to gender differences in cognitive impairment, particularly for dementia in addition to mild decline (OR: 0.958, 95% CI: 0.937–0.980).
Cognitive decline is a major concern in LTC populations. According to the 2022 Long-Term Care Survey, a nationwide survey of long-term care services and facilities in Korea, 54.4% of residents have dementia, which increases the risk of malnutrition by impairing communication of needs (e.g., hunger) and limiting the ability to perform daily activities, such as handling eating utensils [ 2 ]. Growing evidence indicates that insufficient or imbalanced dietary intake may accelerate neurodegeneration and contribute to progression from mild cognitive impairment to dementia [ 4 ]. Depression, chronic illness, and socioeconomic disadvantages further exacerbate undernutrition in older adults, increasing the risk of frailty, falls, hospitalization, and reduced quality of life [ 2 ]. Given the close relationship between nutritional status and cognitive function, LTC facilities routinely use tools such as the mini-mental examination (MMSE) and cognitive impairment screening test to monitor cognitive status. However, these tools rely heavily on communication and literacy, underscoring the need for objective cognitive function biomarkers. Emerging technologies, including wearable devices and electroencephalography, are therefore being explored as objective methods for screening mild cognitive impairment (MCI) and dementia [ 4 ].",1.0,1.0,1.0,0,
GLG11-022,"According to the article, what is the association between memory and memophenol group in older adults?",I couldn't find that information in the knowledge base.,"Summary What does this research add to existing knowledge in gerontology? ○ This research points to a new factor that may have a positive association with falls in the older adult population: bowel incontinence. ○ Some new variables were negatively associated with falls, where their presence resulted in less likelihood of falling, such as the use of diuretics, impaired standing imbalance, impaired long‐term memory, reduced range of motion, gastrointestinal disease, osteoporosis, arthritis and cancer. What are the implications of this new knowledge for nursing care for and with older adults? ○ Nurses should be aware of the association of bowel incontinence with falls to ensure the risk of a fall is addressed for residents exhibiting this factor. ○ The findings confirm that falls in LTC are complex and lists of risk factors should not replace expert nursing assessment and knowledge of the resident. How could the findings be used to influence practice, education, research, and policy? ○ There is a need for future research to confirm these findings and to modify fall prevention programmes and assessment tools to reflect current risk factors in LTC settings. ○ The prevalence of falls in Ontario is above the provincial benchmark requiring comprehensive research, education, and fall prevention programs for LTC residents with ongoing evaluation.
To address these gaps, this study utilised longitudinal data from the CLHLS, a nationally representative dataset, spanning 2008–2018. Leveraging multi‐wave data allowed us to capture dynamic changes in functional disability and living arrangements over a decade. Importantly, we analysed urban and rural populations separately to identify disparities and heterogeneity in aged care contexts. Specifically, this study addressed two research questions: (1) How are changes in ADL and IADL associated with living arrangement transitions among Chinese older adults? (2) To what extent do these associations differ between urban and rural populations? The findings aim to deepen understanding of the interplay between functional decline and living arrangements, and help provide empirical evidence to inform targeted, context‐sensitive, and equitable aged care policies in China.
What is the effectiveness of a timing and coordination group exercise program (On the Move) compared with a seated strength, endurance, and flexibility exercise program (usual care) for improving mobility in community-dwelling older adults? In this single-blind cluster-randomized trial that included 298 older adults, participants in the On the Move group had greater improvements in mobility than those in the usual-care group. Group exercise programs to improve mobility in older adults should include timing and coordination exercises that are important for walking.",1.0,0.75,1.0,0,
GLG11-030,What nutritional considerations matter for older adults regarding diet?,Older adults should pay attention to their protein intake to prevent loss of muscle mass.,"The most frequently reported nutritional risk factor in the older Dutch population was perception of body weight; 62.6% judged their body weight as too high or low (without distinguishing between the two). Both overweight and underweight may lead to undernutrition. Not only underweight or overweight is a risk factor for older adults, but also attempts to lose weight may lead to loss of muscle mass if protein intake is not sufficient. Weight loss in older adults is associated with loss of muscle and bone mass [ 20 ]. Therefore, attempts to lose weight should incorporate exercise and optimal protein intake in order to prevent older adults from losing muscle and bone mass [ 20 ]. Any unintentional weight loss should lead to further nutritional and physical assessment, no matter the BMI.
To comprehensively address the topic of this narrative review, we formulated and examined the following key questions: (1) What is the burden of malnutrition among community-dwelling older adults, both in general and specifically among those cared for by informal caregivers? (2) Which are the caregiver attributes that contribute to malnutrition in older care recipients? (3) What evidence is available for nutritional interventions targeting informal caregivers of older adults and their outcomes? (4) What are the barriers and facilitators to implementing caregiver-driven nutritional interventions, as well as their implications for policies and practices?
Figure 3 displays the results of what items older adults ranked as most and least important to be reported to them regarding adherence to resistance and balance exercises. The items most frequently ranked as most important were what the older adult could improve upon, how they can improve, and what they did correctly. Other information that older adults would like to be collected about their exercises includes heart rate, VO2max, and walking speed and distance. Fig. 3 Ranking for what items older adults would like reported to them when measuring adherence of balance and strength exercises Older adults (n = 23, 26.1%), clinicians (n = 32, 21.5%), and researchers (n = 7, 17.1%) most frequently rated a cell phone as the mobile device they would be most comfortable using. Many older adults (n = 10, 11.4%) selected “other” and wrote “pen and paper” as their preference. For specifications of the software, Clinicians and researchers most frequently wanted to know the reliability (clinicians: n = 52, 34.9%; researchers: n = 15, 36.6%), validity (clinicians: n = 49, 32.9%; researchers: n = 13, 31.7%), and responsiveness (clinicians: n = 45, 30.2%; researchers: n = 10, 24.4%) for measuring adherence.",1.0,1.0,1.0,0,
GLG11-034,How may micronutrient affect the health of older adults?,"Micronutrient deficiencies, particularly of iron and vitamin C, play a central role in both cardiovascular and bone fragility in older adults, associated with poorer clinical outcomes, reduced exercise capacity, and higher rates of hospitalization and mortality.","Micronutrient deficiencies, as identified from serum levels, have been associated with increasing age, female gender, Malay and Indian ethnicities (compared with Chinese ethnicity), poor eating habits, physical inactivity, smoking, obesity, presence of chronic diseases, intake of medications, no intake of dietary supplements, and low sunlight exposure [ 26 , 27 , 28 , 29 , 30 , 31 , 32 , 33 , 34 ]. Multiple micronutrient deficiencies may coexist, exacerbating the impact on health outcomes, and concurrent deficiencies in iron, vitamin B12 or folate has been reported in approximately one-third of older adults with anemia [ 35 ]. The estimated risk of multiple, concurrent micronutrient deficiencies (2–5 micronutrients) in the US population was 9.4% in adults aged 51–70 years and 12.9% in those ≥71 years [ 36 ].
Micronutrient deficiencies—particularly of iron and vitamin C—also play a central role in both cardiovascular and bone fragility. Recent data indicate that approximately 29% of patients with acute coronary syndrome are iron deficient, a condition associated with poorer clinical outcomes [ 91 ]. Similarly, 30–50% of HF patients, including those with ischemic heart disease, experience iron deficiency, which correlates with reduced exercise capacity, lower quality of life, and higher rates of hospitalization and mortality [ 92 ]. Epidemiological studies estimate that approximately 30–50% of HF patients have iron deficiency, which may occur with or without anemia. This deficiency is associated with worsened cardiac function, reduced exercise capacity, and an overall poorer prognosis [ 92 ]. Although the prevalence of iron deficiency in osteoporotic patients is less well studied, existing evidence suggests it is common among the elderly with bone fragility. One study found that iron and other micronutrient deficiencies were frequent in this group and correlated with worsened bone health [ 93 ]. Another study in postmenopausal women with osteoporosis reported a significant prevalence of iron deficiency anemia, associated with a higher risk of fractures [ 94 ]. A study by Rizzoli et al. also highlighted that iron deficiency is common in patients with fragility fractures and may negatively affect bone healing [ 95 ].
In this national survey study, we characterized older adults’ preferences for how clinicians can discuss deprescribing potentially inappropriate medications. We found that the most preferred explanation for deprescribing statins and sedative-hypnotics focused on the risk of side effects. To our knowledge, this is the first study to quantify older adults’ perspectives on deprescribing communication. This is important because how clinicians introduce deprescribing during clinical encounters may affect to what extent patients understand and accept it.",1.0,1.0,1.0,0,
GLG11-042,What barriers may limit exercise among older adults?,"Barriers to exercise among older adults include feeling slowed down with aging, specific physical limitations to training, variable knowledge of managing diabetes during exercise, fear of injury, feeling 'too old' to try a new exercise modality, financial cost of attending a gym, and lack of time to attend a gym.","To comprehensively address the topic of this narrative review, we formulated and examined the following key questions: (1) What is the burden of malnutrition among community-dwelling older adults, both in general and specifically among those cared for by informal caregivers? (2) Which are the caregiver attributes that contribute to malnutrition in older care recipients? (3) What evidence is available for nutritional interventions targeting informal caregivers of older adults and their outcomes? (4) What are the barriers and facilitators to implementing caregiver-driven nutritional interventions, as well as their implications for policies and practices?
What is the effectiveness of a timing and coordination group exercise program (On the Move) compared with a seated strength, endurance, and flexibility exercise program (usual care) for improving mobility in community-dwelling older adults? In this single-blind cluster-randomized trial that included 298 older adults, participants in the On the Move group had greater improvements in mobility than those in the usual-care group. Group exercise programs to improve mobility in older adults should include timing and coordination exercises that are important for walking.
Caption: Barriers and facilitators to resistance training reported by participants aligned to COM‐B domains. Rows: COM‐B domain | Component | Barriers to RT | Facilitators to RT / Capability | Physical | Feeling slowed down with aging | Nil / Diabetes management feeling harder with age / Specific physical limitations to training / Capability | Psychological | Variable knowledge of managing diabetes, especially hypoglycaemia, during RT | Enablement to develop RT exercise skills / Variable knowledge of the potential benefits of RT for diabetes / Lacking knowledge of how to use RT‐related equipment / Motivation | Automatic | RT feels boring | Feeling supported by others to enable exercise / Fear of injury | ‘I will not let diabetes limit my choices’ / Fear of hypoglycaemia / Motivation | Reflective | Having other exercise routines that do not involve RT | Use of CGM to monitor diabetes control during exercise / Valuing improvements in health brought about by RT / Opportunity | Social | Feeling ‘too old’ to try a new exercise modality | Knowledgeable personal trainers to support RT for those with insulin‐treated diabetes / Poor awareness in society and amongst personal trainers / Negative self‐comparison between themselves and regular gym‐goers / Being encouraged to limit exercise at diagnosis / Partner cannot/will not accompany them to exercise / Opportunity | Physical | Financial cost of attending a gym | Nil / Lack of time to attend a gym",1.0,1.0,1.0,0,
GLG11-043,"According to the article, what did the study report about limitations in relation to frailty characteristics include feelings among older adults?",Older adults with frailty characteristics often experience feelings of fatigue or low energy.,"Exercise prehabilitation (i.e., exercise therapy performed before surgery) has been identified as a promising intervention to address the vulnerability to physical and physiological stressors (disability, falls, delirium, serious illness, hospitalization) that individuals with frailty encounter [ 5 , 11 – 13 ]. In fact, evidence suggests that prehabilitation may be most effective in older people with frailty or frailty characteristics [ 12 , 14 ]. Frailty characteristics can include feelings of fatigue or low energy, loss of strength, or physical limitations/comorbidities that impact daily activities [ 5 ]. However, average adherence with exercise therapy is 70% [ 15 ], and is even lower among older populations with frailty (~ 60%) [ 16 – 18 ]. Prehabilitation trials in older people with frailty suggest high levels of efficacy in adherent participants, but have failed to show impact on outcomes across all participants [ 17 , 18 ]. Without strong adherence, it is unlikely that future prehabilitation interventions will prove effective in improving outcomes. While there is variability in the location of prehabilitation interventions (home, outpatient clinics, in-hospital, combined) [ 15 ], older adults value home-based care [ 19 ] and there is evidence to suggest increased adherence to home-based prehabilitation [ 20 ]. Currently, there is limited understanding of what drives adherence to prehabilitation. Few patient-reported data are available to provide insights into participation in prehabilitation from the perspectives of older adults [ 21 ].
To address these gaps, this study utilised longitudinal data from the CLHLS, a nationally representative dataset, spanning 2008–2018. Leveraging multi‐wave data allowed us to capture dynamic changes in functional disability and living arrangements over a decade. Importantly, we analysed urban and rural populations separately to identify disparities and heterogeneity in aged care contexts. Specifically, this study addressed two research questions: (1) How are changes in ADL and IADL associated with living arrangement transitions among Chinese older adults? (2) To what extent do these associations differ between urban and rural populations? The findings aim to deepen understanding of the interplay between functional decline and living arrangements, and help provide empirical evidence to inform targeted, context‐sensitive, and equitable aged care policies in China.
What is the effectiveness of a timing and coordination group exercise program (On the Move) compared with a seated strength, endurance, and flexibility exercise program (usual care) for improving mobility in community-dwelling older adults? In this single-blind cluster-randomized trial that included 298 older adults, participants in the On the Move group had greater improvements in mobility than those in the usual-care group. Group exercise programs to improve mobility in older adults should include timing and coordination exercises that are important for walking.",1.0,1.0,1.0,0,
GLG11-046,What are the potential benefits of physical function for older adults?,Group exercise programs to improve mobility in older adults should include timing and coordination exercises that are important for walking.,"What is the effectiveness of a timing and coordination group exercise program (On the Move) compared with a seated strength, endurance, and flexibility exercise program (usual care) for improving mobility in community-dwelling older adults? In this single-blind cluster-randomized trial that included 298 older adults, participants in the On the Move group had greater improvements in mobility than those in the usual-care group. Group exercise programs to improve mobility in older adults should include timing and coordination exercises that are important for walking.
Our findings have shown that there is a need for education to support the engagement of older people living with MLTC and frailty in RE. This strategy needs to be co-designed with older people, by formally incorporating their ideas and values into the creation and implementation of resources and services [ 30 ]. Education also needs to be targeted at family members and informal carers, clinical staff, exercise practitioners and those responsible for commissioning services. It should cover; what is RE, why RE is safe and suitable for adults living with the combination of MLTC and frailty including those with a recent deterioration in health, how to perform RE, and the potential benefits of RE. Of note, the need for RE-related education was embedded across all the themes in our data.
Summary What does this research add to existing knowledge in gerontology? ○ This research points to a new factor that may have a positive association with falls in the older adult population: bowel incontinence. ○ Some new variables were negatively associated with falls, where their presence resulted in less likelihood of falling, such as the use of diuretics, impaired standing imbalance, impaired long‐term memory, reduced range of motion, gastrointestinal disease, osteoporosis, arthritis and cancer. What are the implications of this new knowledge for nursing care for and with older adults? ○ Nurses should be aware of the association of bowel incontinence with falls to ensure the risk of a fall is addressed for residents exhibiting this factor. ○ The findings confirm that falls in LTC are complex and lists of risk factors should not replace expert nursing assessment and knowledge of the resident. How could the findings be used to influence practice, education, research, and policy? ○ There is a need for future research to confirm these findings and to modify fall prevention programmes and assessment tools to reflect current risk factors in LTC settings. ○ The prevalence of falls in Ontario is above the provincial benchmark requiring comprehensive research, education, and fall prevention programs for LTC residents with ongoing evaluation.",1.0,0.75,1.0,0,
GLG11-050,"According to the article, what did the study report about walking in relation to during comfortable although significant among older adults?","The study reported that the speed of straight walking increased during comfortable walking, with a 1.93% increase, although this was not significant when comparing before and after four weeks.","During the 10-m walking test, the speed increased by 1.93% during comfortable walking, although it was not significant when comparing before and after four weeks. In particular, the speed increased the most at the mid-point which is the results of assistive mode of the EX1 exercise. In the assistive mode, the leg was lifted high to increase the hip flexion angle, which increased the stride length, and affected the speed of straight walking simply by trying to move forward. Therefore, it suggests that a simple straight walking speed increase is possible only with assistive mode-applied exercise. As a result, after 4 weeks of exercise, the straight walking speed increased, which was due to the increase in the other variables (increase in the stride length, pelvic angle, etc.); a healthy person reaches 60% of the stance phase and 40% of the swing phase in the gait cycle [ 30 ]. The older adults who participated in this study confirmed that the ratio of the phases reached the optimal ratio after exercise. In addition, the ratio of the swing phase increased when the assistive mode was used for 2 weeks in the first half, and the ratio of the stance phase increased when the resistive mode was used in the second half. This is because the assistive mode increases the single-leg support time by lengthening the swing time, and the resistance works in the opposite direction in the resistive mode. As the exercise progressed, the stride length increased significantly by 12.42% ( P < 0.01). This suggests that exercise using EX1 improved the walking ability of subjects to move a longer distance with a wider stride. The propulsion showed a significant increase of 21.29% after exercise ( P < 0.01).
Figure 3 displays the results of what items older adults ranked as most and least important to be reported to them regarding adherence to resistance and balance exercises. The items most frequently ranked as most important were what the older adult could improve upon, how they can improve, and what they did correctly. Other information that older adults would like to be collected about their exercises includes heart rate, VO2max, and walking speed and distance. Fig. 3 Ranking for what items older adults would like reported to them when measuring adherence of balance and strength exercises Older adults (n = 23, 26.1%), clinicians (n = 32, 21.5%), and researchers (n = 7, 17.1%) most frequently rated a cell phone as the mobile device they would be most comfortable using. Many older adults (n = 10, 11.4%) selected “other” and wrote “pen and paper” as their preference. For specifications of the software, Clinicians and researchers most frequently wanted to know the reliability (clinicians: n = 52, 34.9%; researchers: n = 15, 36.6%), validity (clinicians: n = 49, 32.9%; researchers: n = 13, 31.7%), and responsiveness (clinicians: n = 45, 30.2%; researchers: n = 10, 24.4%) for measuring adherence.
The primary aim of this clinical trial is to determine whether elderly patients in rehabilitative settings show higher adherence to self-regulated training when playing exergames than when performing conventional exercises. Secondly the study explores to what extent balance skills vary according to the mode of self-regulated training. The concept of balance is defined here as the objective balance skills of the patient in walking and his/her subjective fear of falling during various activities. The purpose of this paper is to describe the study protocol and to discuss challenges in the application of exergames with elderly users.",1.0,1.0,1.0,0,
GLG11-078,"According to the article, what is the association between diabetes and increased insulin resistance complications in older adults?","Diabetes is associated with increased insulin resistance complications in older adults, which can lead to reduced protein synthesis, altered anabolic response to exercise, and impaired cognitive function.","Insulin resistance, i.e., reduction in cellular responsiveness to insulin, is closely associated with other features of MetS, including diabetes and dyslipidemia [ 35 ]. In healthy individuals, skeletal muscle accounts for 40–50% of lean body mass and is the major target tissue for insulin. Insulin sensitivity is required for normal glucose disposal and regulation of lipid oxidation. In vitro and in vivo models have demonstrated that insulin resistance contributes to the pathogenesis of sarcopenia. Impaired insulin signaling can result in reduced protein synthesis, thereby altering anabolic response to exercise, amino acids, and insulin [ 36 , 37 ]. In older patients with MetS, insulin resistance negatively affects cognitive function [ 38 , 39 ]. Studies investigating the mechanisms underpinning the association between Alzheimer’s disease and insulin resistance in animal models and humans reveal that disrupted insulin signaling due to the phosphorylation of insulin receptor substrate-1 (IRS-1) at serine residues causes the formation of amyloid plaques and neurofibrillary tangles [ 40 ].
Targeting glycaemic control without simultaneously addressing central obesity and sedentary lifestyle may hasten the emergence of disease complications and add to the burden of polypharmacy in susceptible individuals with insulin resistance. Weight loss by diet without engaging resistance exercise in older adults with obesity leads to losses of lean tissue (muscle and bone) which could exacerbate age-related sarcopenia and osteopenia ( 197 ).
The G82S SNP is the most researched genetic variant in AGER . It is associated with lower plasma sRAGE levels and higher circulating levels of inflammatory mediators and markers of oxidative stress [ 64 ]. Two independent GWAS studies in healthy individuals of European ancestry reported a significant association between G82S and lung function measures deviating from normal [ 85 , 86 ]. This SNP is also associated with the presence of COPD and emphysema [ 67 , 87 , 88 ]. Moreover, it is associated with increased insulin resistance and complications of type 2 diabetes, including retinopathy, nephropathy, and microangiopathy, as well as type 1 diabetes. However, not all studies in diabetes could reproduce these findings, with ethnicity being a likely confounder. Similarly, conflicting findings are reported on the association of G82S with CVD depending on the ethnicity of the studied population [ 84 ]. Other SNPs are studied less often, and data are lacking to commonly link them to multiple diseases.",1.0,1.0,1.0,0,
GLG11-082,"According to the article, what did the study report about diabetes in relation to independent variables collected information among older adults?",I couldn't find that information in the knowledge base.,"Summary What does this research add to existing knowledge in gerontology? ○ This research points to a new factor that may have a positive association with falls in the older adult population: bowel incontinence. ○ Some new variables were negatively associated with falls, where their presence resulted in less likelihood of falling, such as the use of diuretics, impaired standing imbalance, impaired long‐term memory, reduced range of motion, gastrointestinal disease, osteoporosis, arthritis and cancer. What are the implications of this new knowledge for nursing care for and with older adults? ○ Nurses should be aware of the association of bowel incontinence with falls to ensure the risk of a fall is addressed for residents exhibiting this factor. ○ The findings confirm that falls in LTC are complex and lists of risk factors should not replace expert nursing assessment and knowledge of the resident. How could the findings be used to influence practice, education, research, and policy? ○ There is a need for future research to confirm these findings and to modify fall prevention programmes and assessment tools to reflect current risk factors in LTC settings. ○ The prevalence of falls in Ontario is above the provincial benchmark requiring comprehensive research, education, and fall prevention programs for LTC residents with ongoing evaluation.
To address these gaps, this study utilised longitudinal data from the CLHLS, a nationally representative dataset, spanning 2008–2018. Leveraging multi‐wave data allowed us to capture dynamic changes in functional disability and living arrangements over a decade. Importantly, we analysed urban and rural populations separately to identify disparities and heterogeneity in aged care contexts. Specifically, this study addressed two research questions: (1) How are changes in ADL and IADL associated with living arrangement transitions among Chinese older adults? (2) To what extent do these associations differ between urban and rural populations? The findings aim to deepen understanding of the interplay between functional decline and living arrangements, and help provide empirical evidence to inform targeted, context‐sensitive, and equitable aged care policies in China.
The goal of this scoping literature review was to identify and describe the outcomes of participants enrolled in PACE versus other similar programs. A scoping review was deemed the most appropriate type of literature review since comparator programs and outcomes reported in the literature were unknown. This review focused on identifying comparative studies to compare the economic, clinical, and humanistic outcomes (ECHO model) of PACE to other similar programs [ 9 ]. The following items were used to develop the initial research question: (1) What is known about the PACE model and models of care for community dwelling adults? (2) What other comparable caregiving programs for the elderly exists besides PACE? (3) What outcomes (economic, clinical, and humanistic) are commonly reported from PACE and other comparable models of care for the elderly? (4) What considerations are given when evaluating outcomes from the PACE model and other comparable models of care for the elderly?",1.0,0.75,1.0,0,
GLG11-084,"According to the article, what is the association between quality and lower risk multiple falls follow up adjusted binary in older adults?",The association between quality and lower risk multiple falls follow up adjusted binary in older adults is not explicitly stated in the provided sources.,"In total of 7,774 participants were included in the analysis, among whom 3,898 (50.1%) were female, with a mean ± standard deviation age is 72.9 ± 8.4 years. Multimorbidity was associated with the increased risk of falling in older adults [adjusted odds ratio (OR), 1.99; 95% confidence interval (CI):1.55–2.36]. The ORs for having experienced single fall and repeated falls were 1.85 (95% CI: 1.42–2.42) and 3.45 (95% CI: 1.47–6.97), respectively, with multimorbidity compared with those without chronic diseases. The older adults with multimorbidity were more likely to report FOF compared with those without chronic diseases (adjusted OR, 1.49; 95%CI:1.30–1.70). Moreover, the association between multimorbidity and FOF remained significant in the older adults with a history of fall (OR, 1.57; 95%CI:1.04–2.38). The association between multimorbidity and falls and FOF is significant in the Chinese population and the effects of multimorbidity on falls and FOF do not vary according to the frequency and history of falls in older adults.
Summary What does this research add to existing knowledge in gerontology? ○ This research points to a new factor that may have a positive association with falls in the older adult population: bowel incontinence. ○ Some new variables were negatively associated with falls, where their presence resulted in less likelihood of falling, such as the use of diuretics, impaired standing imbalance, impaired long‐term memory, reduced range of motion, gastrointestinal disease, osteoporosis, arthritis and cancer. What are the implications of this new knowledge for nursing care for and with older adults? ○ Nurses should be aware of the association of bowel incontinence with falls to ensure the risk of a fall is addressed for residents exhibiting this factor. ○ The findings confirm that falls in LTC are complex and lists of risk factors should not replace expert nursing assessment and knowledge of the resident. How could the findings be used to influence practice, education, research, and policy? ○ There is a need for future research to confirm these findings and to modify fall prevention programmes and assessment tools to reflect current risk factors in LTC settings. ○ The prevalence of falls in Ontario is above the provincial benchmark requiring comprehensive research, education, and fall prevention programs for LTC residents with ongoing evaluation.
The incidence rate ratio (IRR) for falls between the two arms at 6 and 12-month follow up was analysed using negative binomial regression analysis adjusted for age and sex and the proportion of fallers in each arm summarised using relative risk with 95% CIs. For the secondary outcome measures, continuous outcomes were analysed using linear regression analysis adjusted for age, sex and baseline score and presented as adjusted Odds Ratios with 95% CIs. EQ5D scores were calculated from raw data using the English (ENG) EQ-5D-5 L Devlin value set [ 35 ]. Data from the Balance test and Timed Up and Go (dichotomised into ≥ 30 and < 30 s) were categorized into improved, no change or worse between baseline and follow up by trial arm. Finally, a ratio of falls to physical activity scores was calculated for fallers (follow up IPEQ score / falls recorded in the first 6 months of follow up) and compared between arms. An intention-to-treat approach was used for all analyses with significance set at p < 0.05. Ethics approval was granted by the Camberwell and St Giles Ethics Committee, NHS Health Research Authority, United Kingdom (REC ref: 14/LO/0556) and the protocol was prospectively registered with the ISRCTN (clinical trial number: 57645734). Fig. 3 Consort diagram for participant flow",1.0,1.0,1.0,0,
GLG11-091,"According to the article, what is recommended regarding anxiety in relation to covid infection ci perception in older individuals?",Diminished levels of anxiety exert a mitigating influence on vaccine hesitancy.,"Elevated perceptions of risk and a heightened level of confidence in the COVID-19 vaccine have been established as pivotal factors in mitigating vaccine hesitancy [ 72 – 76 ]. In contrast, within the purview of our inquiry, an elevated perception of the susceptibility to COVID-19 infection exhibited an association with vaccine hesitancy. Upon meticulous review of the extant literature, we unearthed an incipient connection between heightened perceived risk and anxiety, as well as a substantive nexus linking vaccine hesitancy to psychological variables, foremost among them being anxiety [, 77 ]. Several inquiries have demonstrated that diminished levels of anxiety exert a mitigating influence on vaccine hesitancy, even in instances where there is an elevation in the perception of risk [ 78 ]. In our investigation, we also discerned that individuals who harbored a heightened perception of their susceptibility to COVID-19 infection manifested greater trepidation regarding the prospect of vaccination. The framework of risk perception elucidates that individuals harboring a heightened perception of risk may exhibit diminished motivation, rendering them less inclined to partake in self-preservative health practices, thereby contributing to a surge in vaccine hesitancy rates. (Rimal&Real, 2003) [ 78 ].
This is a quantitative prospective study on the impact of a novel community falls pharmacist role, on medicines optimisation in relation to use of FRIDs [ 4 ] in older people who have had a fall. Patients were reviewed at their home or by telephone (depending on factors such as patient preference and Covid restrictions) during a structured, in-depth medication review by the community falls pharmacist. The process for inclusion in the study including inclusion criteria and review by the community falls pharmacist is outlined in Fig. 1 . Personal and Public Involvement (PPI) was sought in June 2022 from a consultative forum at Age NI, a charity providing a range of services, information and advice to older people in Northern Ireland. Data were collected on admission and discharge from the community falls pharmacist service in relation to:
What is more, with longer duration of the COVID-19 emergency situation, the intention to vaccinate may be undermined by pandemic fatigue ( 6 , 27 ). This could partially explain the decreasing trend in willingness to vaccinate observed in our study along with evolution of specific concerns regarding the vaccines and the infection itself. We note that the concerns were fueled by the increase of misinformation around the safety and efficacy of COVID-19 vaccines in the EU, giving rise to conspiracy theories ( 11 ), which then negatively influenced perceptions of vaccines. It is highly possible that the decreasing levels of willingness to vaccinate over time in our study also reflected the impact of the COVID-19 infodemic, especially driven by social media in Poland ( 7 ).",1.0,1.0,1.0,0,
GLG11-101,"According to the article, what did the study report about caregivers in relation to seven databases scopus web among older adults?","The study reported that seven databases (Scopus, Web of Science, MEDLINE, PubMed, ProQuest, CINAHL, and Embase) were searched for articles in English reporting on self-care intervention outcomes for informal caregivers of patients aged 60 years or older.","Informal caregivers of older patients often neglect their self-care, despite the mental and physical health effects of caregiving. Randomized controlled trials (RCTs) on self-care interventions for informal caregivers are lacking, making it difficult to determine effective strategies. This systematic review explored the definition and categories of self-care RCTs for informal caregivers and a meta-analysis was conducted to determine the effectiveness of these interventions. Seven databases (Scopus, Web of Science, MEDLINE, PubMed, ProQuest, CINAHL, and Embase) were searched for articles in English reporting on self-care intervention outcomes for informal caregivers of patients aged 60 years or older. Standardized mean differences (SMD) with 95% confidence intervals (CI) were calculated using a random-effects model. Subgroup, sensitivity, and publication bias analyses were conducted.
For this review a formal literature search was the primary method of identifying relevant manuscripts. Given the high prevalence of malnutrition among community-dwelling older adults and its burden on those who are nutritionally dependent, we focused on this population. Nutrition dependence as a result of IADL or ADL impairment, cognitive impairment or physical limitations was defined as the need for assistance with food access (e.g., shopping or procurement), meal preparation, feeding assistance, and/or intake monitoring. Since nutritionally dependent community-dwelling older adults frequently rely on informal caregivers for day-to-day nutritional care, this narrative review specifically focuses on this type of caregivers to better understand their role, challenges, and impact on nutritional outcomes in care recipients. Formal caregivers were excluded because their responsibilities are typically structured, time-limited, and embedded within professional care systems, which differ substantially from the continuous non-structured support provided by informal caregivers. Although this study was conducted as a narrative review, the study selection process followed structured search and screening procedures to enhance transparency and reproducibility. First the electronic databases PubMed, Scopus and Web of Science were searched to identify articles of interest from inception to December 2025 (date of last search) with the initial search limited to the title and abstract. The search strategy combined terms related to: (1) Malnutrition (e.g., malnutrition, undernutrition, nutritional deficiency, protein-energy malnutrition, nutrition risk); (2) Older adults (e.g., older adults, elderly, geriatric, aged); (3) Community setting (e.g., community-dwelling, community-living, home-dwelling, non-institutionalized); (4) Informal caregivers (e.g., caregiver, family caregiver, informal caregiver, spousal caregiver); (5) Caregivers’ delivered nutritional interventions.
On the other hand, in 1990, Scopus contained 53 records with a modest AGR of 0.5% and a h-index of 12. Similarly, to WoS, the number of records in Scopus fluctuated, reaching a peak of 33 in 2023. The AGR experienced fluctuations, with a maximum of 13.2% in 1993, and the h-index increased, reaching 13 in 2023. In summary, both databases displayed growth in the number of records over the years, with Web of Science maintaining a higher number of records and a generally higher h-index, indicating its broader impact and recognition. Scopus, while having a lower number of records, also demonstrated growth and an increasing h-index, signifying its growing influence in the academic world. WoS has more thorough coverage of older and prestigious literature in the frailty and falls field, which would increase its credibility with scholars and researchers ( 28 ). In fact, the coverage extends back to the early 1990s, as opposed to Scopus, which began in 1993. Apart from that, WoS is an evolving record of the dynamic world of scholarly communication with new source content continually added, including citations. Web of Science's citation analysis tools, such as Journal Citation Reports (JCR), provide deep insights into the impact and influence of journals in specific academic areas ( 29 ).",1.0,1.0,1.0,0,
GLG11-103,"According to the article, what does the study report about caregiving in relation to understanding knowledge skills required in elderly?",Caregivers require knowledge and skills to provide quality care.,"The size of the caregiving family directly represented the allocated manpower in care at the family level and indirectly reflected an aggregate of knowledge and skills for care contributed by individual members. To measure the size of the caregiving family, we asked the participants to report the family members (including self) involved in four aspects of care, namely ADL support, IADL support, emotional support (for the older person), and major decision‐making. We then computed the size of the caregiving family by summing up the number of members involved in each aspect of care and removing duplicates.
According to the Theory of Caregiver Stress [ 15 ] and the Roy Adaptation model [ 16 ] contextual stimuli (e.g. behavioral changes in care recipient, family conflicts, and work-related strain) are assessed in relation to the caregivers’ adaptive capacities (e.g.. coping mechanisms and social support). When these stressors exceed the caregiver’s ability to adapt, they can lead to caregivers’ perceived stress and emotional or behavioral responses such as depression and anxiety. A lack of social support, caregiving knowledge, and practical skills diminishes caregivers’ adaptive capacities, thereby contributing to caregivers’ stress and depression [ 17 , 18 ]. Given this, contextual stimuli should be a key focus of interventions aimed at reducing stress and depression of family caregivers of PwD [ 19 ]. Understanding the needs of family caregivers of PwD is essential for developing effective interventions and support systems [ 20 ]. However, there is a lack of research examining these issues in Vietnam. To address this gap, we conducted a qualitative study to explore caregivers’ challenges and identify the knowledge and skills they require. The findings from this study will inform the development of targeted intervention programs to alleviate caregiver stress, improve their well-being, and enhance the quality of care provided to PwD.
We asked three questions aimed at capturing caregivers’ confidence in their professional skills, perceived competence in addressing care recipient needs, and asking for social support, with response options on a five‐point scale (“strongly disagree” to “strongly agree”). We evaluated job knowledge specific to IHSS caregiving (e.g., medication administration by IHSS caregivers under the supervision of a health professional) by asking five statements with response options of “true,” “false,” or “don't know.” We assessed knowledge about accessing various AAH resources by asking four statements with response options of “yes,” “no,” or “maybe.” We evaluated foundational dementia knowledge using the Dementia Knowledge Assessment Tool 2 (DKAT2), which involves 21 statements with response options of “yes,” “no,” or “don't know.” The higher the number of statements correctly answered indicates more dementia knowledge. We selected the DKAT2 because it is validated in English and Spanish and has been used in Chinese. 46 , 47 , 48",1.0,1.0,1.0,0,
