question_id,stratum,topic,question,answer,evidence_abridged,human_faithfulness,human_answer_relevance,human_evidence_support,human_unsupported_claim,notes
GLG11-004,high,C01,"According to the article, what did the study report about prescribing in relation to inappropriate led clinically improvements among older adults?",The study reported that many older people received at least one medication of questionable clinical benefit or potentially inappropriate medication during the last two weeks of life.,"What is already known about the topic? Polypharmacy and potentially inappropriate prescribing are prevalent in older people in general. Chronic medications are of limited benefit to older people with life-limiting illnesses at the end of life where the treatment goal shifts towards symptom control rather than disease cure. One potential solution to improve prescribing appropriateness among this vu... || The explicit criteria that are widely used to address potentially inappropriate prescribing include the Beers Criteria [ 39 ], and the Screening Tool of Older Person’s Prescriptions/Screening Tool to Alert doctors to the Right Treatment (STOPP/START) Criteria [ 40 ], which were both updated in 2023. They are feasible to use in a busy environment and can be applied to any prescribed medication and ... || Older people are the main consumers of drugs due to the increasing incidence of chronic disease with advancing age. 39 Pharmacotherapy in the elderly requires knowledge of the age-dependent changes in pharmacokinetics and pharmacodynamics, as well as an assessment of comorbidity and concurrent drug therapy to reduce adverse effects. The factors predisposing to polypharmacy are poor health, multipl...",,,,,
GLG11-005,high,C01,"According to the article, what did the study report about deprescribing in relation to rationale development cofrail intervention among older adults?","The study reported that trust in health-care providers was the leading factor in older adults' statin deprescribing decisions, followed by medicine concerns.","What is already known about this subject Approximately one‐half of older adults take unnecessary or inappropriate medicine leading to functional decline, cognitive impairment, adverse drug events and increased health‐care costs. Understanding of the specific reasons older adults agree or hesitate to deprescribe can inform tailored deprescribing communication strategies. What this study adds The Pa... || What is already know about the topic? Polypharmacy and inappropriate medication use is common in people with life-limiting conditions, and is exacerbated by the addition of symptom management medication to a legacy of preventative treatments. While deprescribing can reduce the medication burden, it remains a complex and challenging intervention in people with life-limiting conditions. What this pa... || To address these gaps, this study utilised longitudinal data from the CLHLS, a nationally representative dataset, spanning 2008–2018. Leveraging multi‐wave data allowed us to capture dynamic changes in functional disability and living arrangements over a decade. Importantly, we analysed urban and rural populations separately to identify disparities and heterogeneity in aged care contexts. Specific...",,,,,
GLG11-008,partial,C01,"According to the article, how does polypharmacy relate to contribute safe effective economic in older adults?","Polypharmacy can contribute to a reduction in polypharmacy and potentially inappropriate medications (PIMs) by using a person-centred approach to safe and effective medicines use, including deprescribing.","A third of older people aged 65 and over take five or more regular medications, widely referred to as polypharmacy [ 1 ]. Polypharmacy can cause a significant but avoidable burden and source of harm for patients and places strain on healthcare systems [ 2 ]. Polypharmacy in older people is associated with increased potentially inappropriate medications (PIMs), which refers to whether a drug is saf... || This scoping review highlights the importance of developing and using structured implementation frameworks and organizational change elements for polypharmacy management. To contribute to safe, effective and economic patient care more research is needed on the use of organisational-level implementation frameworks for polypharmacy management. A focus on local contexts and cultures should be conside... || Management of polypharmacy involves medicines optimisation commonly defined as ‘a person-centred approach to safe and effective medicines use, to ensure people obtain the best possible outcomes from their medicines’ [ 8 ]. A core part of medicines optimisation is deprescribing which involves tapering /dose reduction, stopping, or switching drugs with the goal of improving outcomes [ 9 ]. Research ...",,,,,
GLG11-011,low,C01,What risks are associated with adverse drug event among older adults?,"Older adults are at increased risk of delirium, general cognitive impairment, and Alzheimer’s disease and related disorders (ADRD) due to adverse drug events.","More than 6 million older adults annually experience disability, hospitalization, or death due to a medication-related adverse event [ 1 – 4 ]. Up to 30% of older Americans use at least one strong anticholinergic medication every year [ 5 , 6 ]. These medications are associated with increased risks of delirium, general cognitive impairment, and Alzheimer’s disease and related disorders (ADRD) [ 6 ... || The prevalence of polypharmacy among older Japanese adults is relatively high, 11 , 12 and the number of drugs prescribed tends to increase until people are aged over 90 years, despite the evidence that the use of multiple drugs after the age of 80 poses a higher risk of adverse drug events. 13 The Japanese healthcare system includes free access to healthcare facilities, which could lead to fragme... || The inclusion of international participants with multi-morbidity and polypharmacy adds to the generalisability of this study. This is particularly pertinent when analysing the potential adverse events of statins in this cohort. Older patients with multi-morbidity, defined as two or more concurrent chronic medical conditions are at increased risk of drug-drug interactions, adverse drug events and s...",,,,,
GLG11-015,high,C02,What factors may be associated with mild cognitive impairment in older adults?,The pooled global prevalence of mild cognitive impairment (MCI) among older adults living in nursing homes was 21.2%. Subgroup and meta-regression analyses revealed that the screening tools used were significantly associated with MCI prevalence. Studies using the Montreal Cognitive Assessment (49.8%) had a higher prevalence of MCI than those using other instruments.,"Mild cognitive impairment (MCI) is the early stage of cognitive impairment between the expected cognitive decline of normal aging and the more serious decline of dementia. This meta-analysis and systematic review explored the pooled global prevalence of MCI among older adults living in nursing homes and its relevant factors. The review protocol was registered in INPLASY (INPLASY202250098). PubMed,... || The purpose of our review is to summarize the evidence investigating the effects of continuing education on the development of cognitive impairment and Alzheimer’s-type dementia. Based on discussions with experts in the fields of neurocognitive disorder, aging, and continuing education, we designed the following five key questions that will guide our systematic review: In adults 45 years of age or... || Summary What does this research add to existing knowledge in gerontology? ○ This research points to a new factor that may have a positive association with falls in the older adult population: bowel incontinence. ○ Some new variables were negatively associated with falls, where their presence resulted in less likelihood of falling, such as the use of diuretics, impaired standing imbalance, impaired...",,,,,
GLG11-017,high,C02,"According to the article, what did the study report about impairment in relation to severity cognitive professional provided among older people?",The study reported that the professional care provided can improve the quality of life and alleviate the burden on family caregivers among older people with increased severity of cognitive impairment.,"Nursing homes are facilities for people who cannot be cared for at home but do not need to be in a hospital. They often provide a family-style environment with 24-h functional support and care for older people who need help with activities of daily living, have complex health care needs, and are more vulnerable [ 14 ]. Impaired cognitive function is one of the major contributing factors leading to... || Our findings show a high correlation between CDR‐GS and CDR‐SB scoring with the total scores of BCSs and BFSs tools. The correlations from the AD group are consistent with those of the overall sample, except to PFAQ, demonstrating CDR's effectiveness in reflecting the severity of subjective and objective cognitive impairment. 43 At the expense of lower amplitude values, the CDR‐SB scores have the ... || A., et al. (2022) [ 61 ] USA Cluster RCT An educational brochure and a questionnaire on attitudes toward deprescribing were mailed to patients prior to a primary care visit, clinicians were notified about the mailing, and deprescribing tip sheets were distributed to clinicians at monthly clinic meetings 3012 patients aged 65 years or older with dementia or mild cognitive impairment who had 1 or mo...",,,,,
GLG11-018,high,C02,"According to the article, what is the association between impairment and instance previous study found mild moderate cognitive impairment in older adults?","Previous studies found that decreased executive function, as assessed by the trail-making and Stroop tests, was associated with decreased walking speed and prolonged time on the timed “up and go” test in patients with mild or moderate Alzheimer’s disease.","Several observational studies have confirmed the association between frailty and cognitive decline or dementia. A five-year prospective study of 2305 individuals aged 70 years and older showed that frailty based on the CHS criteria, FI-CGA (Frailty Index-Comprehensive Geriatric Assessment, and clinical frailty scale were all risk factors for cognitive decline [ 29 ]. In a meta-analysis of seven st... || Second, in the NSJE, reasons (including dementia) for why a participant was not able to complete a survey by themselves (i.e. when the proxy survey or missing was obtained) were recorded, and they partly covered the onset of cognitive impairment among non-responders. For the sake of robustness check, these reasons (hereafter referred to as ‘dementia’: n = 52) were included as the case ascertainmen... || Cognitive decline is a major concern in LTC populations. According to the 2022 Long-Term Care Survey, a nationwide survey of long-term care services and facilities in Korea, 54.4% of residents have dementia, which increases the risk of malnutrition by impairing communication of needs (e.g., hunger) and limiting the ability to perform daily activities, such as handling eating utensils [ 2 ]. Growin...",,,,,
GLG11-022,high,C02,"According to the article, what is the association between memory and memophenol group in older adults?",I couldn't find that information in the knowledge base.,"Summary What does this research add to existing knowledge in gerontology? ○ This research points to a new factor that may have a positive association with falls in the older adult population: bowel incontinence. ○ Some new variables were negatively associated with falls, where their presence resulted in less likelihood of falling, such as the use of diuretics, impaired standing imbalance, impaired... || To address these gaps, this study utilised longitudinal data from the CLHLS, a nationally representative dataset, spanning 2008–2018. Leveraging multi‐wave data allowed us to capture dynamic changes in functional disability and living arrangements over a decade. Importantly, we analysed urban and rural populations separately to identify disparities and heterogeneity in aged care contexts. Specific... || What is the effectiveness of a timing and coordination group exercise program (On the Move) compared with a seated strength, endurance, and flexibility exercise program (usual care) for improving mobility in community-dwelling older adults? In this single-blind cluster-randomized trial that included 298 older adults, participants in the On the Move group had greater improvements in mobility than t...",,,,,
GLG11-030,low,C03,What nutritional considerations matter for older adults regarding diet?,Older adults should pay attention to their protein intake to prevent loss of muscle mass.,"The most frequently reported nutritional risk factor in the older Dutch population was perception of body weight; 62.6% judged their body weight as too high or low (without distinguishing between the two). Both overweight and underweight may lead to undernutrition. Not only underweight or overweight is a risk factor for older adults, but also attempts to lose weight may lead to loss of muscle mass... || To comprehensively address the topic of this narrative review, we formulated and examined the following key questions: (1) What is the burden of malnutrition among community-dwelling older adults, both in general and specifically among those cared for by informal caregivers? (2) Which are the caregiver attributes that contribute to malnutrition in older care recipients? (3) What evidence is availa... || Figure 3 displays the results of what items older adults ranked as most and least important to be reported to them regarding adherence to resistance and balance exercises. The items most frequently ranked as most important were what the older adult could improve upon, how they can improve, and what they did correctly. Other information that older adults would like to be collected about their exerc...",,,,,
GLG11-034,partial,C03,How may micronutrient affect the health of older adults?,"Micronutrient deficiencies, particularly of iron and vitamin C, play a central role in both cardiovascular and bone fragility in older adults, associated with poorer clinical outcomes, reduced exercise capacity, and higher rates of hospitalization and mortality.","Micronutrient deficiencies, as identified from serum levels, have been associated with increasing age, female gender, Malay and Indian ethnicities (compared with Chinese ethnicity), poor eating habits, physical inactivity, smoking, obesity, presence of chronic diseases, intake of medications, no intake of dietary supplements, and low sunlight exposure [ 26 , 27 , 28 , 29 , 30 , 31 , 32 , 33 , 34 ]... || Micronutrient deficiencies—particularly of iron and vitamin C—also play a central role in both cardiovascular and bone fragility. Recent data indicate that approximately 29% of patients with acute coronary syndrome are iron deficient, a condition associated with poorer clinical outcomes [ 91 ]. Similarly, 30–50% of HF patients, including those with ischemic heart disease, experience iron deficienc... || In this national survey study, we characterized older adults’ preferences for how clinicians can discuss deprescribing potentially inappropriate medications. We found that the most preferred explanation for deprescribing statins and sedative-hypnotics focused on the risk of side effects. To our knowledge, this is the first study to quantify older adults’ perspectives on deprescribing communication...",,,,,
GLG11-042,partial,C04,What barriers may limit exercise among older adults?,"Barriers to exercise among older adults include feeling slowed down with aging, specific physical limitations to training, variable knowledge of managing diabetes during exercise, fear of injury, feeling 'too old' to try a new exercise modality, financial cost of attending a gym, and lack of time to attend a gym.","To comprehensively address the topic of this narrative review, we formulated and examined the following key questions: (1) What is the burden of malnutrition among community-dwelling older adults, both in general and specifically among those cared for by informal caregivers? (2) Which are the caregiver attributes that contribute to malnutrition in older care recipients? (3) What evidence is availa... || What is the effectiveness of a timing and coordination group exercise program (On the Move) compared with a seated strength, endurance, and flexibility exercise program (usual care) for improving mobility in community-dwelling older adults? In this single-blind cluster-randomized trial that included 298 older adults, participants in the On the Move group had greater improvements in mobility than t... || Caption: Barriers and facilitators to resistance training reported by participants aligned to COM‐B domains. Rows: COM‐B domain | Component | Barriers to RT | Facilitators to RT / Capability | Physical | Feeling slowed down with aging | Nil / Diabetes management feeling harder with age / Specific physical limitations to training / Capability | Psychological | Variable knowledge of managing diabete...",,,,,
GLG11-043,high,C04,"According to the article, what did the study report about limitations in relation to frailty characteristics include feelings among older adults?",Older adults with frailty characteristics often experience feelings of fatigue or low energy.,"Exercise prehabilitation (i.e., exercise therapy performed before surgery) has been identified as a promising intervention to address the vulnerability to physical and physiological stressors (disability, falls, delirium, serious illness, hospitalization) that individuals with frailty encounter [ 5 , 11 – 13 ]. In fact, evidence suggests that prehabilitation may be most effective in older people w... || To address these gaps, this study utilised longitudinal data from the CLHLS, a nationally representative dataset, spanning 2008–2018. Leveraging multi‐wave data allowed us to capture dynamic changes in functional disability and living arrangements over a decade. Importantly, we analysed urban and rural populations separately to identify disparities and heterogeneity in aged care contexts. Specific... || What is the effectiveness of a timing and coordination group exercise program (On the Move) compared with a seated strength, endurance, and flexibility exercise program (usual care) for improving mobility in community-dwelling older adults? In this single-blind cluster-randomized trial that included 298 older adults, participants in the On the Move group had greater improvements in mobility than t...",,,,,
GLG11-046,high,C04,What are the potential benefits of physical function for older adults?,Group exercise programs to improve mobility in older adults should include timing and coordination exercises that are important for walking.,"What is the effectiveness of a timing and coordination group exercise program (On the Move) compared with a seated strength, endurance, and flexibility exercise program (usual care) for improving mobility in community-dwelling older adults? In this single-blind cluster-randomized trial that included 298 older adults, participants in the On the Move group had greater improvements in mobility than t... || Our findings have shown that there is a need for education to support the engagement of older people living with MLTC and frailty in RE. This strategy needs to be co-designed with older people, by formally incorporating their ideas and values into the creation and implementation of resources and services [ 30 ]. Education also needs to be targeted at family members and informal carers, clinical st... || Summary What does this research add to existing knowledge in gerontology? ○ This research points to a new factor that may have a positive association with falls in the older adult population: bowel incontinence. ○ Some new variables were negatively associated with falls, where their presence resulted in less likelihood of falling, such as the use of diuretics, impaired standing imbalance, impaired...",,,,,
GLG11-050,high,C04,"According to the article, what did the study report about walking in relation to during comfortable although significant among older adults?","The study reported that the speed of straight walking increased during comfortable walking, with a 1.93% increase, although this was not significant when comparing before and after four weeks.","During the 10-m walking test, the speed increased by 1.93% during comfortable walking, although it was not significant when comparing before and after four weeks. In particular, the speed increased the most at the mid-point which is the results of assistive mode of the EX1 exercise. In the assistive mode, the leg was lifted high to increase the hip flexion angle, which increased the stride length,... || Figure 3 displays the results of what items older adults ranked as most and least important to be reported to them regarding adherence to resistance and balance exercises. The items most frequently ranked as most important were what the older adult could improve upon, how they can improve, and what they did correctly. Other information that older adults would like to be collected about their exerc... || The primary aim of this clinical trial is to determine whether elderly patients in rehabilitative settings show higher adherence to self-regulated training when playing exergames than when performing conventional exercises. Secondly the study explores to what extent balance skills vary according to the mode of self-regulated training. The concept of balance is defined here as the objective balance...",,,,,
GLG11-078,high,C06,"According to the article, what is the association between diabetes and increased insulin resistance complications in older adults?","Diabetes is associated with increased insulin resistance complications in older adults, which can lead to reduced protein synthesis, altered anabolic response to exercise, and impaired cognitive function.","Insulin resistance, i.e., reduction in cellular responsiveness to insulin, is closely associated with other features of MetS, including diabetes and dyslipidemia [ 35 ]. In healthy individuals, skeletal muscle accounts for 40–50% of lean body mass and is the major target tissue for insulin. Insulin sensitivity is required for normal glucose disposal and regulation of lipid oxidation. In vitro and ... || Targeting glycaemic control without simultaneously addressing central obesity and sedentary lifestyle may hasten the emergence of disease complications and add to the burden of polypharmacy in susceptible individuals with insulin resistance. Weight loss by diet without engaging resistance exercise in older adults with obesity leads to losses of lean tissue (muscle and bone) which could exacerbate ... || The G82S SNP is the most researched genetic variant in AGER . It is associated with lower plasma sRAGE levels and higher circulating levels of inflammatory mediators and markers of oxidative stress [ 64 ]. Two independent GWAS studies in healthy individuals of European ancestry reported a significant association between G82S and lung function measures deviating from normal [ 85 , 86 ]. This SNP is...",,,,,
GLG11-082,low,C06,"According to the article, what did the study report about diabetes in relation to independent variables collected information among older adults?",I couldn't find that information in the knowledge base.,"Summary What does this research add to existing knowledge in gerontology? ○ This research points to a new factor that may have a positive association with falls in the older adult population: bowel incontinence. ○ Some new variables were negatively associated with falls, where their presence resulted in less likelihood of falling, such as the use of diuretics, impaired standing imbalance, impaired... || To address these gaps, this study utilised longitudinal data from the CLHLS, a nationally representative dataset, spanning 2008–2018. Leveraging multi‐wave data allowed us to capture dynamic changes in functional disability and living arrangements over a decade. Importantly, we analysed urban and rural populations separately to identify disparities and heterogeneity in aged care contexts. Specific... || The goal of this scoping literature review was to identify and describe the outcomes of participants enrolled in PACE versus other similar programs. A scoping review was deemed the most appropriate type of literature review since comparator programs and outcomes reported in the literature were unknown. This review focused on identifying comparative studies to compare the economic, clinical, and hu...",,,,,
GLG11-084,low,C07,"According to the article, what is the association between quality and lower risk multiple falls follow up adjusted binary in older adults?",The association between quality and lower risk multiple falls follow up adjusted binary in older adults is not explicitly stated in the provided sources.,"In total of 7,774 participants were included in the analysis, among whom 3,898 (50.1%) were female, with a mean ± standard deviation age is 72.9 ± 8.4 years. Multimorbidity was associated with the increased risk of falling in older adults [adjusted odds ratio (OR), 1.99; 95% confidence interval (CI):1.55–2.36]. The ORs for having experienced single fall and repeated falls were 1.85 (95% CI: 1.42–2... || Summary What does this research add to existing knowledge in gerontology? ○ This research points to a new factor that may have a positive association with falls in the older adult population: bowel incontinence. ○ Some new variables were negatively associated with falls, where their presence resulted in less likelihood of falling, such as the use of diuretics, impaired standing imbalance, impaired... || The incidence rate ratio (IRR) for falls between the two arms at 6 and 12-month follow up was analysed using negative binomial regression analysis adjusted for age and sex and the proportion of fallers in each arm summarised using relative risk with 95% CIs. For the secondary outcome measures, continuous outcomes were analysed using linear regression analysis adjusted for age, sex and baseline sco...",,,,,
GLG11-091,low,C07,"According to the article, what is recommended regarding anxiety in relation to covid infection ci perception in older individuals?",Diminished levels of anxiety exert a mitigating influence on vaccine hesitancy.,"Elevated perceptions of risk and a heightened level of confidence in the COVID-19 vaccine have been established as pivotal factors in mitigating vaccine hesitancy [ 72 – 76 ]. In contrast, within the purview of our inquiry, an elevated perception of the susceptibility to COVID-19 infection exhibited an association with vaccine hesitancy. Upon meticulous review of the extant literature, we unearthe... || This is a quantitative prospective study on the impact of a novel community falls pharmacist role, on medicines optimisation in relation to use of FRIDs [ 4 ] in older people who have had a fall. Patients were reviewed at their home or by telephone (depending on factors such as patient preference and Covid restrictions) during a structured, in-depth medication review by the community falls pharmac... || What is more, with longer duration of the COVID-19 emergency situation, the intention to vaccinate may be undermined by pandemic fatigue ( 6 , 27 ). This could partially explain the decreasing trend in willingness to vaccinate observed in our study along with evolution of specific concerns regarding the vaccines and the infection itself. We note that the concerns were fueled by the increase of mis...",,,,,
GLG11-101,high,C08,"According to the article, what did the study report about caregivers in relation to seven databases scopus web among older adults?","The study reported that seven databases (Scopus, Web of Science, MEDLINE, PubMed, ProQuest, CINAHL, and Embase) were searched for articles in English reporting on self-care intervention outcomes for informal caregivers of patients aged 60 years or older.","Informal caregivers of older patients often neglect their self-care, despite the mental and physical health effects of caregiving. Randomized controlled trials (RCTs) on self-care interventions for informal caregivers are lacking, making it difficult to determine effective strategies. This systematic review explored the definition and categories of self-care RCTs for informal caregivers and a meta... || For this review a formal literature search was the primary method of identifying relevant manuscripts. Given the high prevalence of malnutrition among community-dwelling older adults and its burden on those who are nutritionally dependent, we focused on this population. Nutrition dependence as a result of IADL or ADL impairment, cognitive impairment or physical limitations was defined as the need ... || On the other hand, in 1990, Scopus contained 53 records with a modest AGR of 0.5% and a h-index of 12. Similarly, to WoS, the number of records in Scopus fluctuated, reaching a peak of 33 in 2023. The AGR experienced fluctuations, with a maximum of 13.2% in 1993, and the h-index increased, reaching 13 in 2023. In summary, both databases displayed growth in the number of records over the years, wit...",,,,,
GLG11-103,partial,C08,"According to the article, what does the study report about caregiving in relation to understanding knowledge skills required in elderly?",Caregivers require knowledge and skills to provide quality care.,"The size of the caregiving family directly represented the allocated manpower in care at the family level and indirectly reflected an aggregate of knowledge and skills for care contributed by individual members. To measure the size of the caregiving family, we asked the participants to report the family members (including self) involved in four aspects of care, namely ADL support, IADL support, em... || According to the Theory of Caregiver Stress [ 15 ] and the Roy Adaptation model [ 16 ] contextual stimuli (e.g. behavioral changes in care recipient, family conflicts, and work-related strain) are assessed in relation to the caregivers’ adaptive capacities (e.g.. coping mechanisms and social support). When these stressors exceed the caregiver’s ability to adapt, they can lead to caregivers’ percei... || We asked three questions aimed at capturing caregivers’ confidence in their professional skills, perceived competence in addressing care recipient needs, and asking for social support, with response options on a five‐point scale (“strongly disagree” to “strongly agree”). We evaluated job knowledge specific to IHSS caregiving (e.g., medication administration by IHSS caregivers under the supervision...",,,,,
